username,wallet
mirsalfl1112,0xC84513Eb356405Aad13494168FD56d60A050Ca39
Orbsace,0x6c068653CA1F33BcD13c03c59a05C55c3E045E41
Variance,0xCfc02F0A9EFd87BfA6Aabc80f06D681dee981A31
Vermithrax,0x37231517fd33E0169fAf29ef14Af5E0dFCFA3997
Rockythered,0xC4a18Ce10E6fBB9E6d2F4c63F991C6BbBAc05814
daiza,0xAAdb1f871ee7784D5DCB1b9c34D206Cf2B30D728
btpx,0x1c565daD550c60DB77B4c84C8f93e4DD13C428b2
persecutor82,0xCfc02F0A9EFd87BfA6Aabc80f06D681dee981A31
LITTLELIttleShing,0x77bd60d11Fddaa1fF2e80eF936e8dbFF8678ba0e
oxi1,0x4D223c41EBF899e0f15b22B5aA127415a1eF3181